GROUP,PACKAGE,CLASS,INSTRUCTION_MISSED,INSTRUCTION_COVERED,BRANCH_MISSED,BRANCH_COVERED,LINE_MISSED,LINE_COVERED,COMPLEXITY_MISSED,COMPLEXITY_COVERED,METHOD_MISSED,METHOD_COVERED
oficina360,com.techchallenger.oficina360.mappers,ServicoCommandMapper,0,23,0,0,0,9,0,2,0,2
oficina360,com.techchallenger.oficina360.mappers,OrdemServicoCommandMapper,0,104,0,4,0,35,0,7,0,5
oficina360,com.techchallenger.oficina360.mappers,ClienteCommandMapper,0,24,0,0,0,10,0,2,0,2
oficina360,com.techchallenger.oficina360.mappers,EstoqueCommandMapper,0,31,0,0,0,13,0,2,0,2
oficina360,com.techchallenger.oficina360.mappers,VeiculoCommandMapper,0,29,0,0,0,12,0,2,0,2
oficina360,com.techchallenger.oficina360.dtos.estoques,EstoqueDTO,0,21,0,0,0,1,0,1,0,1
oficina360,com.techchallenger.oficina360.usecases.ordemservico,EditarOrdemServicoUseCase,35,18,0,0,6,7,1,1,1,1
oficina360,com.techchallenger.oficina360.usecases.ordemservico,DeletarOrdemServicoUseCase,10,9,0,0,3,4,1,1,1,1
oficina360,com.techchallenger.oficina360.usecases.ordemservico,FinalizarExecucaoUseCase,26,18,0,0,7,7,1,1,1,1
oficina360,com.techchallenger.oficina360.usecases.ordemservico,IniciarExecucaoUseCase,13,9,0,0,4,4,1,1,1,1
oficina360,com.techchallenger.oficina360.usecases.ordemservico,AbrirOrdemServicoUseCase,36,15,0,0,7,6,1,1,1,1
oficina360,com.techchallenger.oficina360.usecases.ordemservico,BuscarOrdemServicoPorIdUseCase,0,12,0,0,0,4,0,2,0,2
oficina360,com.techchallenger.oficina360.usecases.ordemservico,AprovarOrcamentoUseCase,43,12,6,0,11,5,5,1,2,1
oficina360,com.techchallenger.oficina360.usecases.ordemservico,ListarOrdensServicoUseCase,32,6,0,0,12,3,2,1,2,1
oficina360,com.techchallenger.oficina360.usecases.ordemservico,ConsultarStatusOsUseCase,8,6,0,0,2,3,1,1,1,1
oficina360,com.techchallenger.oficina360.usecases.ordemservico,DiagnosticarOrdemServicoUseCase,113,24,4,0,24,9,5,1,3,1
oficina360,com.techchallenger.oficina360.usecases.estoque,BuscarItemEstoqueUseCase,0,22,0,0,0,5,0,3,0,3
oficina360,com.techchallenger.oficina360.usecases.estoque,ExcluirItemEstoqueUseCase,0,19,0,0,0,7,0,2,0,2
oficina360,com.techchallenger.oficina360.usecases.estoque,ReservarEstoqueUseCase,0,26,0,0,0,8,0,2,0,2
oficina360,com.techchallenger.oficina360.usecases.estoque,ListarItensEstoqueUseCase,0,14,0,0,0,7,0,2,0,2
oficina360,com.techchallenger.oficina360.usecases.estoque,EditarItemEstoqueUseCase,0,34,0,0,0,8,0,2,0,2
oficina360,com.techchallenger.oficina360.usecases.estoque,CriarItemEstoqueUseCase,0,32,0,2,0,9,0,3,0,2
oficina360,com.techchallenger.oficina360.frameworks.mappers.cliente,ClienteDTOMapper,0,117,0,8,0,46,0,12,0,8
oficina360,com.techchallenger.oficina360.dtos.consultarstatus,ConsultarStatusDTO,0,6,0,0,0,1,0,1,0,1
oficina360,com.techchallenger.oficina360.frameworks.security,UsuarioSecurityDetails,3,23,0,0,1,6,1,4,1,4
oficina360,com.techchallenger.oficina360.frameworks.security,JwtAuthenticationFilter,0,62,1,7,0,17,1,6,0,3
oficina360,com.techchallenger.oficina360.frameworks.security,SecurityConfig,0,210,0,0,0,31,0,6,0,6
oficina360,com.techchallenger.oficina360.frameworks.security,UserDetailsServiceImpl,0,18,0,0,0,3,0,2,0,2
oficina360,com.techchallenger.oficina360.usecases.veiculo.exception,PlacaJaExisteException,0,4,0,0,0,2,0,1,0,1
oficina360,com.techchallenger.oficina360.dtos.ordemservico.detalhes,PecasInsumosAdicionadosDTO,0,15,0,0,0,1,0,1,0,1
oficina360,com.techchallenger.oficina360.dtos.ordemservico.detalhes,ServicosAdicionadosDTO,0,9,0,0,0,1,0,1,0,1
oficina360,com.techchallenger.oficina360.dtos.ordemservico.listagem,OrdemServicoFiltroDTO,0,24,0,0,0,1,0,1,0,1
oficina360,com.techchallenger.oficina360.frameworks.mappers.usuario,UsuarioDTOMapper,4,39,2,2,2,16,2,3,0,3
oficina360,com.techchallenger.oficina360.frameworks.config,OrdemServicoConfig,0,133,0,0,0,23,0,23,0,23
oficina360,com.techchallenger.oficina360.frameworks.config,VeiculoServiceConfig,0,32,0,0,0,6,0,6,0,6
oficina360,com.techchallenger.oficina360.frameworks.config,UsuarioServiceConfig,0,16,0,0,0,3,0,3,0,3
oficina360,com.techchallenger.oficina360.frameworks.config,OpenApiConfig,0,73,0,0,0,26,0,5,0,5
oficina360,com.techchallenger.oficina360.frameworks.config,ServicosServiceConfig,0,29,0,0,0,6,0,6,0,6
oficina360,com.techchallenger.oficina360.frameworks.config,EstoqueServiceConfig,0,42,0,0,0,8,0,8,0,8
oficina360,com.techchallenger.oficina360.frameworks.config,AutorizacaoServiceConfig,0,10,0,0,0,2,0,2,0,2
oficina360,com.techchallenger.oficina360.frameworks.config,ClienteServiceConfig,0,28,0,0,0,6,0,6,0,6
oficina360,com.techchallenger.oficina360.frameworks.config,NotificacaoUseCaseConfig,0,9,0,0,0,2,0,2,0,2
oficina360,com.techchallenger.oficina360,Oficina360Application,5,3,0,0,2,1,1,1,1,1
oficina360,com.techchallenger.oficina360.frameworks.mappers.veiculo,VeiculoDTOMapper,30,33,0,0,12,13,2,3,2,3
oficina360,com.techchallenger.oficina360.frameworks.web.controllers,OrdemServicoOficinaController,0,123,0,0,0,24,0,10,0,10
oficina360,com.techchallenger.oficina360.frameworks.web.controllers,EstoqueController,0,61,0,0,0,14,0,6,0,6
oficina360,com.techchallenger.oficina360.frameworks.web.controllers,AuthController,0,39,0,0,0,6,0,2,0,2
oficina360,com.techchallenger.oficina360.frameworks.web.controllers,ClientesController,0,50,0,0,0,10,0,5,0,5
oficina360,com.techchallenger.oficina360.frameworks.web.controllers,OrdemServicoClienteController,0,19,0,0,0,4,0,2,0,2
oficina360,com.techchallenger.oficina360.frameworks.web.controllers,VeiculosController,0,50,0,0,0,10,0,5,0,5
oficina360,com.techchallenger.oficina360.frameworks.web.controllers,ServicosController,0,50,0,0,0,10,0,5,0,5
oficina360,com.techchallenger.oficina360.dtos.clientes,ClienteDTO,0,15,0,0,0,1,0,1,0,1
oficina360,com.techchallenger.oficina360.frameworks.mappers.ordemservico,OrdemServicoServicoMapper,0,53,0,6,0,19,0,7,0,4
oficina360,com.techchallenger.oficina360.frameworks.mappers.ordemservico,OrdemServicoItemEstoqueDTOMapper,50,3,4,0,21,1,5,1,3,1
oficina360,com.techchallenger.oficina360.frameworks.mappers.ordemservico,OrdemServicoDTOMapper,34,296,1,13,13,96,1,22,0,16
oficina360,com.techchallenger.oficina360.usecases.veiculo.commands,VeiculoCommand,0,18,0,0,0,1,0,1,0,1
oficina360,com.techchallenger.oficina360.dtos.ordemservico,CriarOrdemServicoResponseDTO,0,18,0,0,0,1,0,1,0,1
oficina360,com.techchallenger.oficina360.dtos.ordemservico,DadosFinanceirosDTO,0,18,0,0,0,1,0,1,0,1
oficina360,com.techchallenger.oficina360.dtos.ordemservico,OrdemServicoDetailDTO,0,18,0,0,0,1,0,1,0,1
oficina360,com.techchallenger.oficina360.dtos.ordemservico,OrdemServicoDTO,0,15,0,0,0,1,0,1,0,1
oficina360,com.techchallenger.oficina360.dtos.ordemservico,AprovacaoOrdemServicoDTO,0,9,0,0,0,1,0,1,0,1
oficina360,com.techchallenger.oficina360.dtos.ordemservico,CriarOrdemServicoRequestDTO,0,12,0,0,0,1,0,1,0,1
oficina360,com.techchallenger.oficina360.usecases.servicos,CadastrarServicoUseCase,16,6,0,0,4,3,1,1,1,1
oficina360,com.techchallenger.oficina360.usecases.servicos,MovimentacaoEstoqueService,99,6,8,0,24,3,11,1,7,1
oficina360,com.techchallenger.oficina360.usecases.servicos,ListarServicosUseCase,0,45,0,2,0,17,0,4,0,3
oficina360,com.techchallenger.oficina360.usecases.servicos,BuscarServicoPorCodigoUseCase,0,20,0,0,0,4,0,3,0,3
oficina360,com.techchallenger.oficina360.usecases.servicos,AtualizarServicoUseCase,0,35,0,0,0,8,0,3,0,3
oficina360,com.techchallenger.oficina360.usecases.servicos,ExcluirServicoUseCase,0,23,0,0,0,7,0,3,0,3
oficina360,com.techchallenger.oficina360.usecases.veiculo,ListarVeiculosUseCase,0,14,0,0,0,7,0,2,0,2
oficina360,com.techchallenger.oficina360.usecases.veiculo,BuscarVeiculoPorPlacaUseCase,0,25,0,0,0,7,0,3,0,3
oficina360,com.techchallenger.oficina360.usecases.veiculo,AtualizarVeiculoUseCase,0,70,0,2,0,22,0,4,0,3
oficina360,com.techchallenger.oficina360.usecases.veiculo,CadastrarVeiculoUseCase,0,45,0,2,0,13,0,4,0,3
oficina360,com.techchallenger.oficina360.usecases.veiculo,ExcluirVeiculoUseCase,0,22,0,0,0,8,0,2,0,2
oficina360,com.techchallenger.oficina360.usecases.ordemservico.query,ListarOrdensServicoQuery,12,50,4,6,3,7,4,2,0,1
oficina360,com.techchallenger.oficina360.usecases.ordemservico.query,OrdemServicoOrdenacao,0,27,0,0,0,5,0,1,0,1
oficina360,com.techchallenger.oficina360.usecases.ordemservico.output,OrdemServicoResumoOutput,0,30,0,0,0,1,0,1,0,1
oficina360,com.techchallenger.oficina360.usecases.shared.paginacao,DirecaoOrdenacao,0,15,0,0,0,3,0,1,0,1
oficina360,com.techchallenger.oficina360.usecases.shared.paginacao,ResultadoPaginado,26,27,0,0,2,1,1,1,1,1
oficina360,com.techchallenger.oficina360.usecases.validators,OrdemServicoValidator,44,6,2,0,9,3,4,1,3,1
oficina360,com.techchallenger.oficina360.usecases.validators,DiagnosticoValidator,15,9,0,0,3,4,1,1,1,1
oficina360,com.techchallenger.oficina360.frameworks.persistence.entities,OrdemServicoEntity,62,22,10,2,22,8,12,2,6,2
oficina360,com.techchallenger.oficina360.frameworks.persistence.entities,EstoqueEntity,23,0,4,0,3,0,3,0,1,0
oficina360,com.techchallenger.oficina360.utils,FormataDadosUtils,0,68,0,14,0,15,0,11,0,4
oficina360,com.techchallenger.oficina360.utils,MessageUtil,22,6,0,0,3,3,3,1,3,1
oficina360,com.techchallenger.oficina360.usecases.servicos.commands,ServicoCommand,0,15,0,0,0,1,0,1,0,1
oficina360,com.techchallenger.oficina360.usecases.autorizacao,AutorizacaoClienteUseCase,0,102,0,12,0,33,0,13,0,7
oficina360,com.techchallenger.oficina360.usecases.shared.exception,AplicacaoException,0,4,0,0,0,2,0,1,0,1
oficina360,com.techchallenger.oficina360.usecases.shared.exception,VeiculosJaCadastradoException,0,4,0,0,0,2,0,1,0,1
oficina360,com.techchallenger.oficina360.usecases.shared.exception,RegraDeNegocioException,2,21,1,1,0,7,1,3,0,3
oficina360,com.techchallenger.oficina360.usecases.shared.exception,ClienteJaCadastradoException,0,4,0,0,0,2,0,1,0,1
oficina360,com.techchallenger.oficina360.usecases.shared.exception,UsuarioJaCadastradoException,0,4,0,0,0,2,0,1,0,1
oficina360,com.techchallenger.oficina360.usecases.shared.exception,RecursoNaoEncontradoException,0,4,0,0,0,2,0,1,0,1
oficina360,com.techchallenger.oficina360.usecases.services,ReservaEstoqueService,39,6,2,0,9,3,2,1,1,1
oficina360,com.techchallenger.oficina360.usecases.services,NotificarStatusOrdemServicoService,102,9,4,0,16,4,7,1,5,1
oficina360,com.techchallenger.oficina360.usecases.services,TempoExecucaoService,52,6,4,0,15,3,4,1,2,1
oficina360,com.techchallenger.oficina360.frameworks.mappers.servico,ServicoDTOMapper,40,27,4,0,17,11,4,3,2,3
oficina360,com.techchallenger.oficina360.dominio.shared.exception,InicioExecucaoNaoRegistradoException,0,4,0,0,0,2,0,1,0,1
oficina360,com.techchallenger.oficina360.dominio.shared.exception,ItemEstoqueInvalidoException,0,4,0,0,0,2,0,1,0,1
oficina360,com.techchallenger.oficina360.dominio.shared.exception,TransicaoStatusInvalidaException,0,4,0,0,0,2,0,1,0,1
oficina360,com.techchallenger.oficina360.dominio.shared.exception,DiagnosticoSemServicoException,0,4,0,0,0,2,0,1,0,1
oficina360,com.techchallenger.oficina360.dominio.shared.exception,DominioException,0,4,0,0,0,2,0,1,0,1
oficina360,com.techchallenger.oficina360.dominio.shared.exception,DecisaoOrcamentoObrigatoriaException,0,4,0,0,0,2,0,1,0,1
oficina360,com.techchallenger.oficina360.dtos.ordemservico.diagnostico,DiagnosticoDTO,0,9,0,0,0,1,0,1,0,1
oficina360,com.techchallenger.oficina360.dtos.ordemservico.diagnostico,ReservaEstoqueDTO,0,6,0,0,0,1,0,1,0,1
oficina360,com.techchallenger.oficina360.dtos.ordemservico.diagnostico,DiagnosticoEstoqueDTO,0,9,0,0,0,1,0,1,0,1
oficina360,com.techchallenger.oficina360.frameworks.adapters,VeiculoGatewayImpl,0,69,0,0,0,16,0,7,0,7
oficina360,com.techchallenger.oficina360.frameworks.adapters,ClienteGatewayImpl,0,68,0,0,0,17,0,7,0,7
oficina360,com.techchallenger.oficina360.frameworks.adapters,TokenGatewayImpl,0,46,0,0,0,16,0,3,0,3
oficina360,com.techchallenger.oficina360.frameworks.adapters,ServicoGatewayImpl,0,72,0,0,0,18,0,6,0,6
oficina360,com.techchallenger.oficina360.frameworks.adapters,UsuarioAutenticadoGatewayImpl,0,25,0,4,0,8,0,4,0,2
oficina360,com.techchallenger.oficina360.frameworks.adapters,PasswordEncoderGatewayImpl,8,0,0,0,2,0,1,0,1,0
oficina360,com.techchallenger.oficina360.frameworks.adapters,TempoExecucaoServicoGatewayImpl,0,46,0,0,0,10,0,4,0,4
oficina360,com.techchallenger.oficina360.frameworks.adapters,UsuarioGatewayImpl,0,85,0,0,0,18,0,7,0,7
oficina360,com.techchallenger.oficina360.frameworks.adapters,OrdemServicoGatewayImpl,0,149,0,6,0,40,0,12,0,8
oficina360,com.techchallenger.oficina360.frameworks.adapters,AuthenticationGatewayImpl,16,0,0,0,3,0,1,0,1,0
oficina360,com.techchallenger.oficina360.frameworks.adapters,NotificacaoEmailGatewayImpl,0,43,0,0,0,13,0,2,0,2
oficina360,com.techchallenger.oficina360.frameworks.adapters,EstoqueGatewayImpl,0,199,0,2,0,31,0,13,0,12
oficina360,com.techchallenger.oficina360.usecases.factories,OrdemServicoFactory,0,15,0,0,0,4,0,2,0,2
oficina360,com.techchallenger.oficina360.usecases.factories,DiagnosticoFactory,0,23,0,0,0,9,0,3,0,3
oficina360,com.techchallenger.oficina360.frameworks.persistence.specifications,OrdemServicoSpecification,0,120,0,18,0,17,0,12,0,3
oficina360,com.techchallenger.oficina360.usecases.auth,CriarUsuarioUseCase,0,95,0,8,0,26,0,8,0,4
oficina360,com.techchallenger.oficina360.usecases.auth,AutenticarUsuarioUseCase,13,9,0,0,2,4,1,1,1,1
oficina360,com.techchallenger.oficina360.services.validators,OrdemServicoServicoValidator,0,73,0,12,0,16,0,12,0,6
oficina360,com.techchallenger.oficina360.services.validators,OrdemServicoEstoqueValidator,125,3,14,0,25,1,12,1,5,1
oficina360,com.techchallenger.oficina360.dominio,Servico,13,53,0,0,6,20,2,8,2,8
oficina360,com.techchallenger.oficina360.dominio,OrdemServico,56,424,5,39,13,125,9,49,5,31
oficina360,com.techchallenger.oficina360.dominio,Veiculo,19,39,0,0,8,14,2,7,2,7
oficina360,com.techchallenger.oficina360.dominio,OrdemServicoServico,20,46,1,1,10,16,6,7,5,7
oficina360,com.techchallenger.oficina360.dominio,TempoExecucaoServico,42,0,0,0,17,0,7,0,7,0
oficina360,com.techchallenger.oficina360.dominio,Usuario,35,56,0,0,10,22,9,9,9,9
oficina360,com.techchallenger.oficina360.dominio,Estoque,45,237,6,26,12,61,7,28,1,18
oficina360,com.techchallenger.oficina360.dominio,Cliente,3,61,0,0,2,23,1,8,1,8
oficina360,com.techchallenger.oficina360.dominio,MensagemEmail,0,12,0,0,0,1,0,1,0,1
oficina360,com.techchallenger.oficina360.dominio,OrdemServicoItemEstoque,32,66,3,3,11,16,6,8,3,8
oficina360,com.techchallenger.oficina360.frameworks.mappers.estoque,EstoqueDTOMapper,0,123,0,4,0,48,0,10,0,8
oficina360,com.techchallenger.oficina360.frameworks.web.exceptions,ErroResponse,0,15,0,0,0,1,0,1,0,1
oficina360,com.techchallenger.oficina360.frameworks.web.exceptions,ConflitoConcorrenciaEstoqueException,0,7,0,0,0,2,0,1,0,1
oficina360,com.techchallenger.oficina360.frameworks.web.exceptions,GlobalExceptionHandler,31,132,0,0,5,24,4,14,4,14
oficina360,com.techchallenger.oficina360.frameworks.web.exceptions,ConflitoException,0,4,0,0,0,2,0,1,0,1
oficina360,com.techchallenger.oficina360.frameworks.web.exceptions,ErroRegraDeNegocioResponse,0,18,0,0,0,1,0,1,0,1
oficina360,com.techchallenger.oficina360.usecases.finders,ClienteFinder,0,20,0,0,0,6,0,3,0,3
oficina360,com.techchallenger.oficina360.usecases.finders,EstoqueFinder,0,24,0,0,0,6,0,4,0,4
oficina360,com.techchallenger.oficina360.usecases.finders,VeiculoFinder,0,20,0,0,0,6,0,3,0,3
oficina360,com.techchallenger.oficina360.usecases.finders,OrdemServicoFinder,0,19,0,0,0,4,0,3,0,3
oficina360,com.techchallenger.oficina360.usecases.loaders,DiagnosticoDados,18,0,0,0,1,0,1,0,1,0
oficina360,com.techchallenger.oficina360.usecases.loaders,DiagnosticoLoader,67,9,0,0,15,4,7,1,7,1
oficina360,com.techchallenger.oficina360.dtos.servicos,ServicoDTO,0,15,0,0,0,1,0,1,0,1
oficina360,com.techchallenger.oficina360.usecases.cliente,AtualizarClienteUseCase,0,35,0,0,0,11,0,3,0,3
oficina360,com.techchallenger.oficina360.usecases.cliente,CadastrarClienteUseCase,0,25,0,2,0,6,0,3,0,2
oficina360,com.techchallenger.oficina360.usecases.cliente,ListarClientesUseCase,0,14,0,0,0,7,0,2,0,2
oficina360,com.techchallenger.oficina360.usecases.cliente,BuscarClientePorDocumentoUseCase,0,12,0,0,0,4,0,2,0,2
oficina360,com.techchallenger.oficina360.usecases.cliente,ExcluirClienteUseCase,0,24,0,2,0,8,0,3,0,2
oficina360,com.techchallenger.oficina360.dominio.shared.utils,CollectionUtils,0,20,0,8,0,2,0,6,0,2
oficina360,com.techchallenger.oficina360.frameworks.mappers.tempoexecucaoservico,TempoExecucaoServicoMapper,35,3,4,0,15,1,4,1,2,1
oficina360,com.techchallenger.oficina360.usecases.ordemservico.command,AprovacaoOrdemServicoCommand,0,9,0,0,0,1,0,1,0,1
oficina360,com.techchallenger.oficina360.usecases.ordemservico.command,PecasInsumosAdicionadosCommand,0,15,0,0,0,1,0,1,0,1
oficina360,com.techchallenger.oficina360.usecases.ordemservico.command,EstoqueCommand,0,21,0,0,0,1,0,1,0,1
oficina360,com.techchallenger.oficina360.usecases.ordemservico.command,OrdemServicoRespCommand,0,18,0,0,0,1,0,1,0,1
oficina360,com.techchallenger.oficina360.usecases.ordemservico.command,UsuarioCommand,0,9,0,0,0,1,0,1,0,1
oficina360,com.techchallenger.oficina360.usecases.ordemservico.command,DiagnosticoEstoqueCommand,0,9,0,0,0,1,0,1,0,1
oficina360,com.techchallenger.oficina360.usecases.ordemservico.command,ReservaEstoqueCommand,0,6,0,0,0,1,0,1,0,1
oficina360,com.techchallenger.oficina360.usecases.ordemservico.command,ServicosAdicionadosCommand,0,9,0,0,0,1,0,1,0,1
oficina360,com.techchallenger.oficina360.usecases.ordemservico.command,DiagnosticoCommand,0,9,0,0,0,1,0,1,0,1
oficina360,com.techchallenger.oficina360.usecases.ordemservico.command,OrdemServicoReqCommand,0,12,0,0,0,1,0,1,0,1
oficina360,com.techchallenger.oficina360.usecases.ordemservico.command,OrdemServicoDiagnosticoRespCommand,0,21,0,0,0,1,0,1,0,1
oficina360,com.techchallenger.oficina360.usecases.ordemservico.command,ClienteCommand,0,15,0,0,0,1,0,1,0,1
oficina360,com.techchallenger.oficina360.usecases.ordemservico.command,CriarOrdemServicoCommand,0,15,0,0,0,1,0,1,0,1
oficina360,com.techchallenger.oficina360.usecases.ordemservico.command,CriarUsuarioCommand,0,15,0,0,0,1,0,1,0,1
oficina360,com.techchallenger.oficina360.usecases.ordemservico.command,DadosFinanceirosCommand,0,18,0,0,0,1,0,1,0,1
oficina360,com.techchallenger.oficina360.frameworks.web.filters,RequestResponseLoggingFilter,16,200,7,9,4,43,7,10,0,9
oficina360,com.techchallenger.oficina360.dtos.veiculos,VeiculoDTO,0,18,0,0,0,1,0,1,0,1
oficina360,com.techchallenger.oficina360.dtos.autenticacao,LoginResponseDTO,0,9,0,0,0,1,0,1,0,1
oficina360,com.techchallenger.oficina360.dtos.autenticacao,LoginRequestDTO,0,9,0,0,0,1,0,1,0,1
oficina360,com.techchallenger.oficina360.dtos.autenticacao,CriarUsuarioRequestDTO,0,15,0,0,0,1,0,1,0,1
oficina360,com.techchallenger.oficina360.enums,OrdemDeServicoStatus,2,76,0,0,1,17,1,3,1,3
